{
  "indexes": [
    {
      "collectionGroup": "dj-mixes",
      "queryScope": "COLLECTION",
      "fields": [
        { "fieldPath": "userId", "order": "ASCENDING" },
        { "fieldPath": "createdAt", "order": "DESCENDING" }
      ]
    },
    {
      "collectionGroup": "livestream-chat",
      "queryScope": "COLLECTION",
      "fields": [
        { "fieldPath": "streamId", "order": "ASCENDING" },
        { "fieldPath": "isModerated", "order": "ASCENDING" },
        { "fieldPath": "createdAt", "order": "DESCENDING" }
      ]
    },
    {
      "collectionGroup": "livestreamSlots",
      "queryScope": "COLLECTION",
      "fields": [
        { "fieldPath": "startTime", "order": "ASCENDING" }
      ]
    },
    {
      "collectionGroup": "livestreamSlots",
      "queryScope": "COLLECTION",
      "fields": [
        { "fieldPath": "status", "order": "ASCENDING" },
        { "fieldPath": "startTime", "order": "ASCENDING" }
      ]
    },
    {
      "collectionGroup": "djDirectMessages",
      "queryScope": "COLLECTION",
      "fields": [
        { "fieldPath": "participants", "arrayConfig": "CONTAINS" }
      ]
    }
  ],
  "fieldOverrides": []
}
